,recency_days,frequency_180d,monetary_180d,ticket_count_90d,sessions_30d,return_rate_180d
count,2400.0,2400.0,2400.0,2400.0,2400.0,2400.0
mean,87.37583333333333,1.5945833333333332,1179.7631958333334,0.22916666666666666,5.46,0.06150458333333333
std,80.13747306171766,1.1849637340414554,1035.9006486888882,0.47177895102471956,4.40016673298098,0.2030915147917351
min,0.0,0.0,0.0,0.0,0.0,0.0
25%,25.0,1.0,449.27,0.0,2.0,0.0
50%,66.0,1.0,911.875,0.0,5.0,0.0
75%,129.0,2.0,1681.51,0.0,8.0,0.0
max,562.0,8.0,6982.41,3.0,25.0,1.0
